id,question,answer,gold,is_correct,top1_page,top1_score,dense_rank,sparse_rank,latency_s,within_3s,mode
260,报告期内，武汉兴图新科电子股份有限公司来自军用领域的收入分别是多少？,"（1）行业和客户集中度高①行业集中度高的影响发行人产品主要应用于军队的信息化建设，报告期内，公司来自军用领域的收入分别为6,464.51 万元、14,414.16 万元、18,780.67 万元和4,627.14 万元，占主营业务收入比重分别为82.10%、97.31%、94.84%和94.34%。","6,464.51；14,414.16；18,780.67；4,627.14",True,129,1.6528,1,1,0.55,True,extractive
95,武汉兴图新科电子股份有限公司参与制定了哪个技术标准？,公司目前已经成为军队视频指挥领域的重要供应商，参与制定了全军第一个视频指挥系统技术标准（即《某视频技术规范1.0》）。,视频指挥系统技术标准；技术规范,True,159,1.6828,1,1,0.033,True,extractive
33,报告期内，武汉兴图新科电子股份有限公司来自军用领域的收入占主营业务收入的比重分别是多少？,"（1）行业和客户集中度高①行业集中度高的影响发行人产品主要应用于军队的信息化建设，报告期内，公司来自军用领域的收入分别为6,464.51 万元、14,414.16 万元、18,780.67 万元和4,627.14 万元，占主营业务收入比重分别为82.10%、97.31%、94.84%和94.34%。",82.10%；97.31%；94.84%；94.34%,True,129,1.9528,1,1,0.057,True,extractive
34,根据武汉兴图新科电子股份有限公司招股意向书，电子信息行业的上游涉及哪些企业？,电子信息行业的上游涉及信息系统相关的电子元器件制造企业，以及机箱、机柜等金属壳体制造企业，竞争充分，采购便利。,电子元器件；金属壳体,True,152,1.9123,3,1,0.037,True,extractive
957,武汉兴图新科电子股份有限公司在哪个领域已经成为重要供应商？,公司目前已经成为军队视频指挥领域的重要供应商，参与制定了全军第一个视频指挥系统技术标准（即《某视频技术规范1.0》）。,视频指挥,True,241,1.832,4,1,0.036,True,extractive
793,根据武汉兴图新科电子股份有限公司招股意向书，电子信息行业的下游主要包括哪些行业？,下游行业为各类终端用户，覆盖范围广泛，主要包括军队、政府机关、能源等行业企业。,军队；政府；能源,True,152,1.9123,3,1,0.033,True,extractive
795,武汉兴图新科电子股份有限公司参与的哪个工程荣获了国家科技进步一等奖？,②参与项目获得国家级奖项A.国家科技进步一等奖2014 年12 月，某大型研究所牵头承担的“某情报、指挥、控制与通信网络一体化工程”（即相当于美军的C4ISR 系统）荣获国家科技进步一等奖。,情报、指挥、控制与通信网络一体化工程；C4ISR,True,157,1.8328,1,1,0.043,True,extractive
543,武汉兴图新科电子股份有限公司注册资本是多少？,"注册资本为 5,520 万元。","5,520",True,59,1.8025,1,2,0.015,True,extractive
531,武汉兴图新科电子股份有限公司法定代表人是谁？,法定代表人为 程家明。,程家明,True,72,1.9528,1,1,0.015,True,extractive
207,武汉兴图新科电子股份有限公司计划使用本次发行募集资金的多少用于补充流动资金？,"本次募集资金中用于补充流动资金的金额为 15,000.00 万元。","15,000.00；1.5亿",True,479,1.9477,18,7,0.027,True,extractive
