组号,组名,轮次,原始问题,改写后查询,指代消解,省略补全,当前实体,系统答案,标准答案,是否正确,耗时(秒),≤3秒,Top1页码
1,工单指定5轮（兴图→奖项→法代→力源法代→组织结构图）,1,报告期内，武汉兴图新科电子股份有限公司来自军用领域的收入分别是多少？,报告期内，武汉兴图新科电子股份有限公司来自国防领域的收入分别是多少？,否,否,武汉兴图新科电子股份有限公司,"（1）行业和客户集中度高①行业集中度高的影响发行人产品主要应用于军队的信息化建设，报告期内，公司来自军用领域的收入分别为6,464.51 万元、14,414.16 万元、18,780.67 万元和4,627.14 万元，占主营业务收入比重分别为82.10%、97.31%、94.84%和94.34%。","6,464.51；14,414.16；18,780.67；4,627.14",是,0.62,是,36
1,工单指定5轮（兴图→奖项→法代→力源法代→组织结构图）,2,他参与的哪个工程荣获了国家科技进步一等奖？,武汉兴图新科电子股份有限公司参与的哪个工程荣获了国家科技进步一等奖？,是,否,武汉兴图新科电子股份有限公司,②参与项目获得国家级奖项A.国家科技进步一等奖2014 年12 月，某大型研究所牵头承担的“某情报、指挥、控制与通信网络一体化工程”（即相当于美军的C4ISR 系统）荣获国家科技进步一等奖。,情报、指挥、控制与通信网络一体化工程；C4ISR,是,0.066,是,157
1,工单指定5轮（兴图→奖项→法代→力源法代→组织结构图）,3,这个公司的法定代表人是谁？,武汉兴图新科电子股份有限公司的法定代表人是谁？,是,否,武汉兴图新科电子股份有限公司,法定代表人为 程家明。,程家明,是,0.045,是,72
1,工单指定5轮（兴图→奖项→法代→力源法代→组织结构图）,4,那武汉力源信息技术股份有限公司呢？,那武汉力源信息技术股份有限公司的法定代表人是谁,否,是,那武汉力源信息技术股份有限公司,法定代表人为 赵马克。,赵马克,是,0.039,是,345
1,工单指定5轮（兴图→奖项→法代→力源法代→组织结构图）,5,武汉力源信息技术股份有限公司组织结构图中，哪个销售部的销售处最多？有哪些销售处？,武汉力源信息技术股份有限公司组织结构图中，哪个销售部的销售处最多？有哪些销售处？,否,否,武汉力源信息技术股份有限公司,"销售处最多的销售部：大客户销售部（共 6 个销售处）。
公司全部销售处共 6 个：武汉销售处、广州销售处、珠海销售处、深圳销售处、北京销售处、成都销售处。",大客户销售部；珠海销售处；深圳销售处；北京销售处；武汉销售处；广州销售处；成都销售处,是,0.05,是,39
2,注册资本跨公司切换,1,武汉兴图新科电子股份有限公司的注册资本是多少？,武汉兴图新科电子股份有限公司的注册资本是多少？,否,否,武汉兴图新科电子股份有限公司,"注册资本为 5,520 万元。","5,520",是,0.037,是,54
2,注册资本跨公司切换,2,那武汉力源信息技术股份有限公司呢？,那武汉力源信息技术股份有限公司的注册资本是多少,否,是,那武汉力源信息技术股份有限公司,"注册资本为 5,000 万元。","5,000",是,0.037,是,254
2,注册资本跨公司切换,3,武汉力源信息技术股份有限公司的英文名称是什么？,武汉力源信息技术股份有限公司的英文名称是什么？,否,否,武汉力源信息技术股份有限公司,"1、公司名称：武汉力源信息技术股份有限公司2、英文名称：Wuhan P&S Information Technology Co.,Ltd.",Wuhan P&S Information Technology,是,0.042,是,23
2,注册资本跨公司切换,4,那这个公司的法定代表人是谁？,那武汉力源信息技术股份有限公司的法定代表人是谁？,是,否,那武汉力源信息技术股份有限公司,法定代表人为 赵马克。,赵马克,是,0.038,是,345
2,注册资本跨公司切换,5,武汉兴图新科电子股份有限公司的英文名是什么？,武汉兴图新科电子股份有限公司的英文名是什么？,否,否,武汉兴图新科电子股份有限公司,"中文名称 武汉兴图新科电子股份有限公司 有限公司成立日期 2004 年6 月17 日英文名称 Wuhan Xingtu Xinke Electronics Co.,Ltd.",Wuhan Xingtu Xinke Electronics,是,0.035,是,22
3,技术标准→领域→组织结构图,1,武汉兴图新科电子股份有限公司参与制定了哪个技术标准？,武汉兴图新科电子股份有限公司参与制定了哪个技术标准？,否,否,武汉兴图新科电子股份有限公司,公司目前已经成为军队视频指挥领域的重要供应商，参与制定了全军第一个视频指挥系统技术标准（即《某视频技术规范1.0》）。,视频指挥系统技术标准；视频技术规范,是,0.036,是,159
3,技术标准→领域→组织结构图,2,这个公司在哪个领域已经成为重要供应商？,武汉兴图新科电子股份有限公司在哪个领域已经成为重要供应商？,是,否,武汉兴图新科电子股份有限公司,公司目前已经成为军队视频指挥领域的重要供应商，参与制定了全军第一个视频指挥系统技术标准（即《某视频技术规范1.0》）。,视频指挥,是,0.042,是,241
3,技术标准→领域→组织结构图,3,武汉力源信息技术股份有限公司有哪些销售处？,武汉力源信息技术股份有限公司有哪些销售处？,否,否,武汉力源信息技术股份有限公司,公司全部销售处共 6 个：武汉销售处、广州销售处、珠海销售处、深圳销售处、北京销售处、成都销售处。,珠海销售处；深圳销售处；北京销售处；武汉销售处；广州销售处；成都销售处,是,0.029,是,39
3,技术标准→领域→组织结构图,4,这个公司的法定代表人是谁？,武汉力源信息技术股份有限公司的法定代表人是谁？,是,否,武汉力源信息技术股份有限公司,法定代表人为 赵马克。,赵马克,是,0.043,是,345
4,军用占比→法代→力源注册资本,1,报告期内，武汉兴图新科电子股份有限公司来自军用领域的收入占主营业务收入的比重分别是多少？,报告期内，武汉兴图新科电子股份有限公司来自国防领域的收入占主营业务收入的比重分别是多少？,否,否,武汉兴图新科电子股份有限公司,"（1）行业和客户集中度高①行业集中度高的影响发行人产品主要应用于军队的信息化建设，报告期内，公司来自军用领域的收入分别为6,464.51 万元、14,414.16 万元、18,780.67 万元和4,627.14 万元，占主营业务收入比重分别为82.10%、97.31%、94.84%和94.34%。",82.10%；97.31%；94.84%；94.34%,是,0.082,是,36
4,军用占比→法代→力源注册资本,2,这个公司的法定代表人是谁？,武汉兴图新科电子股份有限公司的法定代表人是谁？,是,否,武汉兴图新科电子股份有限公司,法定代表人为 程家明。,程家明,是,0.04,是,72
4,军用占比→法代→力源注册资本,3,那武汉力源信息技术股份有限公司的注册资本呢？,那武汉力源信息技术股份有限公司的注册资本,否,是,那武汉力源信息技术股份有限公司,"注册资本为 5,000 万元。","5,000",是,0.033,是,254
4,军用占比→法代→力源注册资本,4,武汉力源信息技术股份有限公司组织结构图中销售处最多的销售部是哪个？,武汉力源信息技术股份有限公司组织结构图中销售处最多的销售部是哪个？,否,否,武汉力源信息技术股份有限公司,销售处最多的销售部：大客户销售部（共 6 个销售处）。,大客户销售部,是,0.053,是,39
5,法代→力源法代→销售处数量→兴图注册资本,1,武汉兴图新科电子股份有限公司法定代表人是谁？,武汉兴图新科电子股份有限公司法定代表人是谁？,否,否,武汉兴图新科电子股份有限公司,法定代表人为 程家明。,程家明,是,0.031,是,72
5,法代→力源法代→销售处数量→兴图注册资本,2,那武汉力源信息技术股份有限公司呢？,那武汉力源信息技术股份有限公司法定代表人是谁,否,是,那武汉力源信息技术股份有限公司,法定代表人为 赵马克。,赵马克,是,0.029,是,345
5,法代→力源法代→销售处数量→兴图注册资本,3,这个公司一共有多少个销售处？,那武汉力源信息技术股份有限公司一共有多少个销售处？,是,否,那武汉力源信息技术股份有限公司,公司全部销售处共 6 个：武汉销售处、广州销售处、珠海销售处、深圳销售处、北京销售处、成都销售处。,6,是,0.028,是,39
5,法代→力源法代→销售处数量→兴图注册资本,4,那武汉兴图新科电子股份有限公司的注册资本呢？,那武汉兴图新科电子股份有限公司的注册资本,否,是,那武汉兴图新科电子股份有限公司,"注册资本为 5,520 万元。","5,520",是,0.033,是,54
5,法代→力源法代→销售处数量→兴图注册资本,5,武汉兴图新科电子股份有限公司参与的哪个工程荣获了国家科技进步一等奖？,武汉兴图新科电子股份有限公司参与的哪个工程荣获了国家科技进步一等奖？,否,否,武汉兴图新科电子股份有限公司,②参与项目获得国家级奖项A.国家科技进步一等奖2014 年12 月，某大型研究所牵头承担的“某情报、指挥、控制与通信网络一体化工程”（即相当于美军的C4ISR 系统）荣获国家科技进步一等奖。,情报、指挥、控制与通信网络一体化工程；C4ISR,是,0.053,是,157
