编号,公司,问题,答案,gold,是否正确,命中项数,缺失项,页码,耗时(秒)
id1,力源信息,力源信息本次发行股数是多少？占发行后总股本的比例是多少？,"本次发行股数为 1,670 万股，占发行后总股本的比例为 25.04%。","1,670；25.04",是,2/2,,24、22、22,0.609
id2,力源信息,力源信息本次募集资金拟投资哪些项目？,"本次募集资金拟投资以下项目：1.仓储及物流中心（计划总投资 3,393.40 万元）；2.研发中心（计划总投资 1,526.38 万元）；3.电子商务平台（计划总投资 2,492.78 万元）；4.扩充产品种类和数量（计划总投资 9,000.00 万元）；5.其他与主营业务相关的营运资金。",仓储及物流中心；研发中心；电子商务平台；扩充产品种类和数量；其他与主营业务相关的营运资金,是,5/5,,22、22、22,0.024
id3,力源信息,力源信息与公司存在控制关系的关联方是谁？持股比例及与本公司的关系如何？,与公司存在控制关系的关联方为 赵马克，持股比例 42.35%，与本公司关系：公司控股股东。,赵马克；42.35；控股股东,是,3/3,,157、157、157,0.053
id4,力源信息,力源信息与公司不存在控制关系的关联方企业有哪些？,与公司不存在控制关系的关联方企业包括：普芯达（实际控制人近亲属控制的公司）、力源贸易（同一实际控制人控制的企业）、武汉博润（持有公司股份5%以上的股东）、融冰投资（持有公司股份5%以上的股东）、听音投资（持有公司股份5%以上的股东）、上海博润（持有公司股份5%以上的股东）、联众聚源（持有公司股份5%以上的股东）。,融冰投资；武汉博润；上海博润；听音投资；联众聚源；力源贸易；普芯达,是,7/7,,157、157、157,0.035
id260,兴图新科,兴图新科来自军用领域的收入分别是多少？,"（1）行业和客户集中度高①行业集中度高的影响发行人产品主要应用于军队的信息化建设，报告期内，公司来自军用领域的收入分别为6,464.51 万元、14,414.16 万元、18,780.67 万元和4,627.14 万元，占主营业务收入比重分别为82.10%、97.31%、94.84%和94.34%","6,464.51；14,414.16；18,780.67；4,627.14",是,4/4,,343、129、130,0.043
id95,兴图新科,兴图新科参与制定了什么样的技术标准？,公司目前已经成为军队视频指挥领域的重要供应商，参与制定了全军第一个视频指挥系统技术标准（即《某视频技术规范1.0》）,视频指挥系统技术标准,是,1/1,,159、241、160,0.048
id33,兴图新科,兴图新科军用产品收入占主营业务收入的比重分别是多少？,"（1）行业和客户集中度高①行业集中度高的影响发行人产品主要应用于军队的信息化建设，报告期内，公司来自军用领域的收入分别为6,464.51 万元、14,414.16 万元、18,780.67 万元和4,627.14 万元，占主营业务收入比重分别为82.10%、97.31%、94.84%和94.34%",82.10；97.31；94.84；94.34,是,4/4,,129、235、36,0.050
id34,兴图新科,兴图新科所处电子信息行业的上游涉及哪些企业？,电子信息行业的上游涉及信息系统相关的电子元器件制造企业，以及机箱、机柜等金属壳体制造企业，竞争充分，采购便利,电子元器件；金属壳体,是,2/2,,152、153、151,0.050
id957,兴图新科,兴图新科目前已经成为哪个领域的重要供应商？,兴图新科目前已经成为国防军队视频指挥领域的重要供应商，提供的视频指挥控制类产品是国防指挥信息系统（相当于美军的C4ISR系统）中的“指挥控制”,视频指挥,是,1/1,,154、241、26,0.044
id793,兴图新科,兴图新科所处电子信息行业下游主要包括哪些行业？,下游行业为各类终端用户，覆盖范围广泛，主要包括军队、政府机关、能源等行业企业,军队；政府；能源,是,3/3,,152、152、153,0.035
id795,兴图新科,兴图新科参与的哪个工程获得国家科技进步一等奖？,②参与项目获得国家级奖项A.国家科技进步一等奖2014 年12 月，某大型研究所牵头承担的“某情报、指挥、控制与通信网络一体化工程”（即相当于美军的C4ISR 系统）荣获国家科技进步一等奖,情报、指挥、控制与通信网络一体化工程,是,1/1,,157、158、94,0.036
id543,兴图新科,兴图新科的注册资本是多少？,"公司注册资本为 5,520 万元。","5,520",是,1/1,,54、59、497,0.035
id531,兴图新科,兴图新科的法定代表人是谁？,公司法定代表人为 程家明。,程家明,是,1/1,,52、22、68,0.035
id207,兴图新科,兴图新科募集资金中用于补充流动资金的金额是多少？,"公司计划使用本次发行募集资金中的 15,000.00 万元（约 1.5 亿元）用于补充流动资金。","15,000.00",是,1/1,,490、30、23,0.042
