题号,题型,问题,系统是否拒答,faithfulness,answer_relevancy,context_precision,context_recall,四指标均值,逐题耗时秒,指标口径
Q1,事实型,发行人武汉兴图新科电子股份有限公司的法定代表人是谁？,否,1.0,1.0,0.5833,1.0,0.8958,0.0082,可回答题常规离线RAGAS口径
Q2,事实型,本次股票发行的保荐人（主承销商）是哪家机构？,否,1.0,1.0,1.0,1.0,1.0,0.009,可回答题常规离线RAGAS口径
Q3,数字型,发行人本次公开发行的新股数量是多少万股？发行后总股本是多少万股？,否,1.0,0.9524,1.0,1.0,0.9881,0.0251,可回答题常规离线RAGAS口径
Q4,数字型,发行人的注册资本是多少万元？,否,1.0,1.0,1.0,1.0,1.0,0.0066,可回答题常规离线RAGAS口径
Q5,数字型,截至2019年6月30日，发行人共有多少名在职员工？其中研发人员有多少人、占员工总数的比例是多少？,否,1.0,0.9237,1.0,1.0,0.9809,0.036,可回答题常规离线RAGAS口径
Q6,数字型,本次募集资金中用于补充流动资金的金额是多少万元？,否,1.0,0.9375,0.5833,1.0,0.8802,0.008,可回答题常规离线RAGAS口径
Q7,枚举型,本次发行的募集资金投资项目包括哪几个？,否,1.0,0.5556,0.25,0.5833,0.5972,0.0084,可回答题常规离线RAGAS口径
Q8,枚举型,公司的主要产品有哪些？重点应用于什么领域？,否,1.0,1.0,0.5,1.0,0.875,0.0307,可回答题常规离线RAGAS口径
Q9,不可回答型,兴图新科2024年度新能源汽车整车销量是多少万辆？,是,1.0,1.0,1.0,1.0,1.0,0.0078,不可回答题正确拒答，按拒答口径记1
Q10,不可回答型,发行人2023年在火星建设的探测基地子公司全称是什么？,是,1.0,1.0,1.0,1.0,1.0,0.0094,不可回答题正确拒答，按拒答口径记1
均值,全部10题,—,2题拒答,1.0,0.9369,0.7917,0.9583,0.9217,0.0149,算术平均（不可回答题按拒答口径计入）
