id,question,优化前_检索页码,优化后_检索页码,优化前_耗时s,优化后_耗时s,优化前_回答,优化后_回答,纯LLM_回答,优化前_faithfulness,优化后_faithfulness,优化前_answer_relevancy,优化后_answer_relevancy,优化前_context_precision,优化后_context_precision
260,报告期内，武汉兴图新科电子股份有限公司来自军用领域的收入分别是多少？,186、378、475,186、378、475,25.007,27.815,"报告期内，武汉兴图新科电子股份有限公司来自军用领域的收入（直接军方与间接军方合计）分别为：

- 2016年度：直接军方3,433.34万元 + 间接军方3,031.18万元 = 6,464.52万元
- 2017年度：直接军方6,277.49万元 + 间接军方8,136.66万元 = 14,414.15万元
- 2018年度：直接军方5,611.52万元 + 间接军方13,169.15万元 = 18,780.67万元
- 2019年1-6月：直接军方552.83万元 + 间接军方4,074.31万元 = 4,627.14万元

参考页码：第186页","报告期内，武汉兴图新科电子股份有限公司来自军用领域的收入（即直接军方与间接军方收入之和）分别为：

- 2016年度：3,433.34 + 3,031.18 = 6,464.52 万元
- 2017年度：6,277.49 + 8,136.66 = 14,414.15 万元
- 2018年度：5,611.52 + 13,169.15 = 18,780.67 万元
- 2019年1-6月：552.83 + 4,074.31 = 4,627.14 万元

推断依据：参考资料中未直接给出“军用领域收入”合计口径，但给出了“直接军方”和“间接军方”的分项收入数据，二者均属于军用领域，故加总得出。

参考页码：第186页","根据武汉兴图新科电子股份有限公司（简称“兴图新科”）的招股说明书，报告期内（通常指2016年、2017年、2018年及2019年1-6月，具体以招股书披露为准），公司来自军用领域的收入分别为：

- 2016年：约 **4,900万元**
- 2017年：约 **1.02亿元**
- 2018年：约 **1.35亿元**
- 2019年1-6月：约 **3,800万元**

需要说明的是，上述数据为大致金额，不同版本招股书或统计口径（如是否含税、是否合并某些军品项目）可能略有差异。如果您需要精确到元的数字，建议直接查阅兴图新科招股说明书“主营业务收入构成”或“按应用领域分类”章节。我无法在此保证与最终披露文件完全一致。",1.0,1.0,1.0,1.0,0.6,0.6
95,武汉兴图新科电子股份有限公司参与制定了哪个技术标准？,160、181、241,160、181、241,2.502,5.122,"武汉兴图新科电子股份有限公司参与制定了视频指挥系统技术标准，具体为《某视频技术规范1.0》（也称全军第一个视频指挥系统技术标准）。根据第160页，该技术标准即2019年制订的《某视频指挥系统技术规范（1.0版）》，由军事科学院牵头，联合数据通信科学技术研究所、北京大学共同制定，兴图新科等国内主流视频设备厂商参与了技术规范制定和试验验证等工作。

参考页码：第160页、第181页、第241页","武汉兴图新科电子股份有限公司参与制定了视频指挥系统技术标准，即《某视频技术规范1.0》。该技术标准由军事科学院牵头，联合数据通信科学技术研究所、北京大学共同制定，公司作为国内主流视频设备厂商之一参与了技术规范制定和试验验证等工作。此外，招股意向书其他部分也表述为：公司参与制定了国防用户第一个视频指挥系统技术标准（即《某视频技术规范1.0》），以及参与制定了全军第一个视频指挥系统技术标准（即2019年制订的《某视频指挥系统技术规范（1.0版）》）。

参考页码：第160页、第181页、第241页","武汉兴图新科电子股份有限公司参与制定了 **《视频指挥调度系统 第1部分：通用技术要求》**（标准号：GB/T 37043-2018）等国家标准。

不过，我无法完全确认这是否是用户所指的“那个”技术标准，因为该公司可能还参与了其他标准。如需精确答案，建议查阅其《招股说明书》中“参与制定标准情况”相关章节。",0.5,1.0,1.0,1.0,0.6,0.6
33,报告期内，武汉兴图新科电子股份有限公司来自军用领域的收入占主营业务收入的比重分别是多少？,40、125、186,40、125、186,2.092,3.313,"根据提供的文档内容，无法回答该问题。

文档中仅披露了“间接向国防客户的销售额”占主营业务收入的比重，分别为82.10%、97.31%、94.84%和94.34%，但未直接披露“军用领域收入”合计占主营业务收入的比重，也未提供可直接加总得出该比重的完整数据。

参考页码：第40页","根据【参考资料】片段1，报告期内公司间接向国防客户的销售额占主营业务收入的比重分别为82.10%、97.31%、94.84%和94.34%（对应2016年度、2017年度、2018年度、2019年1-6月）。

需要说明的是，该数据为“间接向国防客户”销售占主营业务收入的比重，并非全部军用领域收入的占比。参考资料中另有一处直销情况表（片段2）列示了“直接军方”与“间接军方”的销售收入及占比，但其占比口径为占直销收入合计的比重，而非占主营业务收入的比重，两者口径不同，无法直接加总得出军用领域占主营业务收入的比重。因此，严格按问题口径，文档中可提供的军用领域（间接国防客户）占主营业务收入比重即为上述数据。

参考页码：第40页","根据武汉兴图新科电子股份有限公司《招股说明书》，报告期内（2016年度、2017年度、2018年度、2019年1-6月），公司来自军用领域的收入占主营业务收入的比重分别为：

- 2016年度：82.10%
- 2017年度：93.27%
- 2018年度：94.84%
- 2019年1-6月：94.34%

（以上数据以《招股说明书》披露口径为准。）",1.0,1.0,0.3,0.7,0.6,0.6
34,根据武汉兴图新科电子股份有限公司招股意向书，电子信息行业的上游涉及哪些企业？,153、209、456,209、455、456,2.564,3.68,"根据招股意向书，电子信息行业的上游涉及的企业类型包括：电子元器件制造业、元器件、金属制品业、视音频外设、其他、机箱、其他壳体等上游行业企业。这些企业供应各类基础设备和辅助材料，但普遍专注于单一类型产品的研发、生产和销售。

参考页码：第153页","根据招股意向书，电子信息行业的上游涉及以下企业：

**2019年6月30日应付账款前五大供应商：**
- 武汉玉航科技有限公司（板卡类等）
- 北京德瑞塔时代网络技术有限公司（摄像设备等）
- 武汉恒奕鑫创电子科技有限责任公司（计算机设备及部件等）
- 雷众科技（武汉）有限公司（结构件类等）
- 广州云筹计算机科技有限公司（计算机设备及部件等）

**2018年12月31日应付账款前五大供应商：**
- 武汉玉航科技有限公司（板卡类等）
- 上海厉讯电子科技有限公司（板卡类等）
- 上海趋石智能科技有限公司（计算机设备及部件等）
- 武汉楚石科技有限责任公司（板卡类等）
- 泰豪软件股份有限公司（显示设备、计算机设备及部件等）

**其他年度供应商：**
- 北京安恒伟业系统工程技术有限公司（显示设备等）
- 武汉玉航科技有限公司（板卡类等）
- 山东神戎电子股份有限公司（计算机设备及部件、结构件等）
- 泰兴市东盛电子器材厂（显示设备等）
- 武汉奔腾网络系统集成有限公司（计算机设备及部件等）
- 武汉恒奕鑫创电子科技有限责任公司
- 武汉楚石科技有限责任公司（板卡类等）
- 武汉亚辉信息系统工程有限公司（计算机设备及部件等）
- 泰豪软件股份有限公司（计算机设备及部件、显示设备等）
- 天健会计师事务所湖南分所（审计、验资等服务）
- 湖北景盛建筑工程有限公司（施工服务等）

参考页码：第209页、第455页、第456页","根据武汉兴图新科电子股份有限公司招股意向书，电子信息行业的上游主要涉及电子元器件、芯片、集成电路、PCB（印制电路板）、电源模块、结构件、线缆及连接器、显示屏等基础电子零部件和原材料供应商，以及相关的软件开发工具、操作系统、数据库等基础软件提供商。这些上游企业为电子信息行业的中游设备制造商和系统集成商提供必要的硬件组件和软件基础。

需要说明的是，具体到兴图新科的业务（音视频综合业务网络应用平台等），其上游可能更侧重于音视频编解码芯片、服务器、存储设备、网络设备、摄像机等硬件供应商，以及操作系统、数据库等基础软件厂商。如需更精确的清单，建议查阅招股意向书中“行业上下游情况”或“主要原材料及采购情况”章节的具体披露。",1.0,0.9,1.0,0.9,0.3,0.3
957,武汉兴图新科电子股份有限公司在哪个领域已经成为重要供应商？,26、155、181,26、155、181,2.125,4.595,"武汉兴图新科电子股份有限公司目前已经成为军队视频指挥控制领域的重要供应商。

参考页码：第181页、第155页、第26页","武汉兴图新科电子股份有限公司已经成为**军队视频指挥控制领域**（或称**国防军队视频指挥领域**）的重要供应商。

依据如下：
- 片段1（第181页）：“公司目前已经成为军队视频指挥控制领域的重要供应商”
- 片段2（第155页）：“公司目前已经成为军队视频指挥领域的重要供应商”
- 片段3（第26页）：“兴图新科目前已经成为国防军队视频指挥领域的重要供应商”

参考页码：第181页、第155页、第26页",武汉兴图新科电子股份有限公司在**国防军队视频指挥领域**已经成为重要供应商。,1.0,1.0,1.0,1.0,1.0,1.0
793,根据武汉兴图新科电子股份有限公司招股意向书，电子信息行业的下游主要包括哪些行业？,151、152、153,151、152、153,2.091,2.548,"根据招股意向书，电子信息行业的下游行业为各类终端用户，覆盖范围广泛，主要包括军队、政府机关、能源等行业企业。此外，大型的电子信息系统组成较为复杂，从而需要集成商作为总体集成单位统一协调部署实施。

参考页码：第152页","根据招股说明书，电子信息行业的下游行业为各类终端用户，覆盖范围广泛，主要包括军队、政府机关、能源等行业企业。此外，大型的电子信息系统组成较为复杂，从而需要集成商作为总体集成单位统一协调部署实施。

参考页码：第152页",根据武汉兴图新科电子股份有限公司招股意向书，电子信息行业的下游主要包括：**国防、政府、金融、交通、能源、教育、医疗等行业领域**。,1.0,1.0,1.0,1.0,0.6,0.6
795,武汉兴图新科电子股份有限公司参与的哪个工程荣获了国家科技进步一等奖？,94、96、181,94、96、181,1.98,2.251,"武汉兴图新科电子股份有限公司参与的“某情报、指挥、控制与通信网络一体化工程”（即相当于美军的C4ISR系统）荣获国家科技进步一等奖。该工程由某大型研究所牵头承担，于2014年12月获奖。根据总体单位、军方用户出具的证明文件和承研合同，民营企业兴图新科是该工程网络化视频指挥系统的唯一参与者，但未能列入获奖名单。

参考页码：第94页、第96页、第181页","武汉兴图新科电子股份有限公司参与的“某情报、指挥、控制与通信网络一体化工程”（即相当于美军的C4ISR系统）荣获国家科技进步一等奖。该工程由某大型研究所牵头承担，于2014年12月获奖；根据总体单位、军方用户出具的证明文件和承研合同，民营企业兴图新科是该工程网络化视频指挥系统的唯一参与者，但未能列入获奖名单。

参考页码：第94页、第96页、第181页",武汉兴图新科电子股份有限公司参与的是**“某工程”**，并荣获国家科技进步一等奖。不过，公开披露信息中通常未直接写明该工程的具体名称，因此我无法准确确认是哪一个工程。建议查阅其《招股说明书》中“荣誉资质”或“重大科研项目”相关章节，或公司官网、官方公告中的获奖信息以核实具体工程名称。,1.0,1.0,1.0,1.0,0.6,0.6
543,武汉兴图新科电子股份有限公司注册资本是多少？,22、53、68,22、53、68,2.203,1.917,"武汉兴图新科电子股份有限公司的注册资本为5,520.00万元。

参考页码：第22页","武汉兴图新科电子股份有限公司注册资本为 5,520.00 万元。

参考页码：第22页","武汉兴图新科电子股份有限公司（兴图新科，688081）在招股说明书披露时点的注册资本为 **7,360万元**。",1.0,1.0,1.0,1.0,0.33,0.4
531,武汉兴图新科电子股份有限公司法定代表人是谁？,22、64、68,22、64、68,2.545,2.15,"武汉兴图新科电子股份有限公司的法定代表人是程家明。

参考页码：第22页","武汉兴图新科电子股份有限公司的法定代表人是程家明。

参考页码：第22页",武汉兴图新科电子股份有限公司的法定代表人是程家明。,1.0,1.0,1.0,1.0,0.4,0.6
207,武汉兴图新科电子股份有限公司计划使用本次发行募集资金的多少用于补充流动资金？,30、479、491,30、479、491,2.563,2.139,"武汉兴图新科电子股份有限公司计划使用本次发行募集资金15,000.00万元用于补充流动资金。

参考页码：第30页、第479页","武汉兴图新科电子股份有限公司计划使用本次发行募集资金 **15,000.00万元** 用于补充流动资金。

依据：招股意向书披露的募集资金投资项目表格中，“补充流动资金”项目的“项目总投资（万元）”和“募集资金投资（万元）”均为 15,000.00 万元。

参考页码：第30页、第479页","根据武汉兴图新科电子股份有限公司《招股说明书》，公司计划使用本次发行募集资金中的 **6,000万元** 用于补充流动资金。",1.0,1.0,1.0,1.0,0.7,0.6
