id,company,question_type,question,answer,gold,is_correct,top1_evidence_type,top1_doc,top1_page,top1_score,latency_s,within_3s,degraded
5,力源信息,矢量组织结构图,武汉力源信息技术股份有限公司组织结构图中，销售部有几个部门构成，其中大客户销售部有几个销售处构成？,组织结构图显示：销售部由4个部门构成，分别为电话及网络销售部、渠道销售部、大客户销售部、国际贸易部；其中大客户销售部由6个销售处构成，分别为珠海销售处、深圳销售处、北京销售处、武汉销售处、广州销售处、成都销售处。,4个部门；6个销售处,1,image,招股说明书2,39,1.4343,0.898,1,0
6,力源信息,位图增长率图表,武汉力源信息技术股份有限公司招股意向书中，从2008年中国IC市场应用结构与增长图中可以看出，增长率最快的是哪个行业？负增长的是哪个行业？,根据《2008 年中国IC 市场应用结构与增长(亿元)》：增长率最快的是汽车行业（14.0%）；负增长的是IC卡行业（-2.0%）。,汽车；14.0；IC卡；-2.0,1,image,招股说明书2,72,1.3897,0.231,1,0
1,力源信息,文本数字,武汉力源信息技术股份有限公司本次发行股数是多少，占发行后总股本的比例是多少？,"本次发行股数为 1,670 万股，占发行后总股本的比例为 25.04%。","1,670；25.04",1,text,招股说明书2,24,1.8015,0.121,1,0
2,力源信息,表格枚举,武汉力源信息技术股份有限公司本次募集资金拟投资哪些项目？,本次募集资金拟投资以下项目：仓储及物流中心、研发中心、电子商务平台、扩充产品种类和数量、其他与主营业务相关的营运资金。,仓储及物流中心；研发中心；电子商务平台；扩充产品种类和数量；其他与主营业务相关的营运资金,1,text,招股说明书2,22,1.346,0.104,1,0
3,力源信息,关联方表格,与武汉力源信息技术股份有限公司存在控制关系的关联方是谁，持股比例和本公司关系是什么？,存在控制关系的关联方为赵马克，持股比例42.35%，与本公司关系：公司控股股东。,赵马克；42.35；控股股东,1,text,招股说明书2,157,1.2298,0.176,1,0
4,力源信息,关联方表格枚举,与武汉力源信息技术股份有限公司不存在控制关系的关联方企业有哪些？,不存在控制关系的关联方企业包括：融冰投资、联众聚源、听音投资、上海博润、武汉博润、力源贸易、普芯达。,融冰投资；武汉博润；上海博润；听音投资；联众聚源；力源贸易；普芯达,1,text,招股说明书2,158,0.9814,0.107,1,0
260,兴图新科,多数字枚举,报告期内，武汉兴图新科电子股份有限公司来自军用领域的收入分别是多少？,"（1）行业和客户集中度高①行业集中度高的影响发行人产品主要应用于军队的信息化建设，报告期内，公司来自军用领域的收入分别为6,464.51 万元、14,414.16 万元、18,780.67 万元和4,627.14 万元，占主营业务收入比重分别为82.10%、97.31%、94.84%和94.34%。","6,464.51；14,414.16；18,780.67；4,627.14",1,text,招股说明书1,129,1.6364,0.097,1,0
95,兴图新科,实体,武汉兴图新科电子股份有限公司参与制定了哪个技术标准？,公司目前已经成为军队视频指挥领域的重要供应商，参与制定了全军第一个视频指挥系统技术标准（即《某视频技术规范1.0》）。,视频指挥系统技术标准；技术规范,1,text,招股说明书1,159,1.6828,0.067,1,0
33,兴图新科,多数字枚举,报告期内，武汉兴图新科电子股份有限公司来自军用领域的收入占主营业务收入的比重分别是多少？,"（1）行业和客户集中度高①行业集中度高的影响发行人产品主要应用于军队的信息化建设，报告期内，公司来自军用领域的收入分别为6,464.51 万元、14,414.16 万元、18,780.67 万元和4,627.14 万元，占主营业务收入比重分别为82.10%、97.31%、94.84%和94.34%。",82.10%；97.31%；94.84%；94.34%,1,text,招股说明书1,129,1.9364,0.188,1,0
34,兴图新科,列表,根据武汉兴图新科电子股份有限公司招股意向书，电子信息行业的上游涉及哪些企业？,电子信息行业的上游涉及信息系统相关的电子元器件制造企业，以及机箱、机柜等金属壳体制造企业，竞争充分，采购便利。,电子元器件；金属壳体,1,text,招股说明书1,152,1.9128,0.171,1,0
957,兴图新科,实体,武汉兴图新科电子股份有限公司在哪个领域已经成为重要供应商？,公司目前已经成为军队视频指挥领域的重要供应商，参与制定了全军第一个视频指挥系统技术标准（即《某视频技术规范1.0》）。,视频指挥,1,text,招股说明书1,241,1.8164,0.104,1,0
793,兴图新科,列表,根据武汉兴图新科电子股份有限公司招股意向书，电子信息行业的下游主要包括哪些行业？,下游行业为各类终端用户，覆盖范围广泛，主要包括军队、政府机关、能源等行业企业。,军队；政府；能源,1,text,招股说明书1,152,1.9125,0.153,1,0
795,兴图新科,实体,武汉兴图新科电子股份有限公司参与的哪个工程荣获了国家科技进步一等奖？,②参与项目获得国家级奖项A.国家科技进步一等奖2014 年12 月，某大型研究所牵头承担的“某情报、指挥、控制与通信网络一体化工程”（即相当于美军的C4ISR 系统）荣获国家科技进步一等奖。,情报、指挥、控制与通信网络一体化工程；C4ISR,1,text,招股说明书1,158,1.8325,0.104,1,0
543,兴图新科,槽位数字,武汉兴图新科电子股份有限公司注册资本是多少？,"注册资本为 5,520 万元。","5,520",1,text,招股说明书1,59,1.8011,0.048,1,0
531,兴图新科,槽位人名,武汉兴图新科电子股份有限公司法定代表人是谁？,法定代表人为 程家明。,程家明,1,image,招股说明书1,540,2.1637,0.058,1,0
207,兴图新科,槽位数字,武汉兴图新科电子股份有限公司计划使用本次发行募集资金的多少用于补充流动资金？,"本次发行募集资金中用于补充流动资金的金额为 15,000.00 万元。","15,000.00；15,000；1.5亿",1,text,招股说明书1,483,1.9513,0.169,1,0
