id,category,corpus,question,correct,judge_reason,judge_source,is_unknown,unknown_reason,answer_body,citations,citation_pages,retrieval_hit,retrieval_hit_topk_only,retrieval_hit_strict_golden_evidence,first_token_ms,total_ms,wall_ms,warm,citation_total,citation_valid,citation_accuracy,missing_required,forbidden_hit,expects_numeric,numeric_signal_expected,subject_expected,subject_gate_counted,subject_gate_ok,subject_gate_reason,top_pages,top_chunks,support_chunks,golden_answer,evidence_verbatim,evidence_pages,backend,model,trace_id,run_tag,generated_at
1,发行方案,pdf2,武汉力源信息技术股份有限公司本次发行股数是多少？占发行后总股本的比例是多少？,True,答案为参考答案子串（忽略标点）,工单1 Evaluator.check_answer（只读子进程）,False,,"1,670万股，占发行后总股本的比例为25.04%","[""[招股说明书2.pdf: 24]""]",[24],True,True,True,116.61,1746.06,2215.72,False,1,1,1.0,[],[],True,True,any,False,True,not_applicable,"[2, 4, 18, 22, 24]","[""招股说明书2_p0024_x44"", ""招股说明书2_p0002_x01"", ""招股说明书2_p0004_x04"", ""招股说明书2_p0022_x42"", ""招股说明书1_p0018_t05""]","[""招股说明书2_p0022_t07"", ""招股说明书1_p0003_x02""]","发行 1,670 万股，占发行后总股本的比例为 25.04%。","1,670 万股，占发行后总股本的比例为25.04%","[22, 24]",ollama,qwen2.5:3b,q14597248,t22h,2026-10-04T20:27:00+0800
2,募投项目,pdf2,武汉力源信息技术股份有限公司本次募集资金拟投资项目有哪些？,True,金额全部命中(4个),工单1 Evaluator.check_answer（只读子进程）,False,,"本次募集资金拟投资项目包括：仓储及物流中心（3,393.40 万元）、研发中心（1,526.38 万元）、电子商务平台（2,492.78 万元）、扩充产品种类和数量（9,000.00 万元）、其他与主营业务相关的营运资金（未披露）","[""[招股说明书2.pdf: 22]""]",[22],True,True,True,139.7,2547.49,2950.11,True,1,1,1.0,[],[],False,False,any,False,True,not_applicable,"[22, 144, 306, 325, 326]","[""招股说明书2_p0326_x710"", ""招股说明书2_p0306_x671"", ""招股说明书2_p0144_x288"", ""招股说明书2_p0022_x42"", ""招股说明书2_p0325_x708""]","[""招股说明书2_p0022_t07"", ""招股说明书2_p0329_x716""]","5 项：仓储及物流中心 3,393.40 万元、研发中心 1,526.38 万元、电子商务平台 2,492.78 万元、扩充产品种类和数量 9,000.00 万元、其他与主营业务相关的营运资金（原文为 [ ◆ ] → 未披露）。","序号 项目名称 计划总投资(万元) 1 仓储及物流中心 3,393.40 2 研发中心 1,526.38 3 电子商务平台 2,492.78 4 扩充产品种类和数量 9,000.00 5 其他与主营业务相关的营运资金 [ ◆ ]","[22, 30, 306, 144]",ollama,qwen2.5:3b,q14599822,t22h,2026-10-04T20:27:00+0800
3,关联方,pdf2,武汉力源信息技术股份有限公司存在控制关系的关联方是谁？其持股比例与本公司关系是什么？,True,比例全部命中,工单1 Evaluator.check_answer（只读子进程）,False,,” 二、关联方及关联交易 (一)关联方及关联关系 1、存在控制关系的关联方 关联方名称 持股比例 与本公司关系 赵马克 42.35% 公司控股股东 2、不存在控制关系的关联方,"[""[招股说明书2.pdf: 157]""]",[157],True,True,True,165.18,1471.55,1891.24,True,1,1,1.0,[],[],True,True,person,True,True,ok,"[33, 157, 158]","[""招股说明书2_p0157_x314"", ""招股说明书2_p0157_t69"", ""招股说明书2_p0158_x316"", ""招股说明书2_p0157_t70"", ""招股说明书2_p0033_x59""]","[""招股说明书2_p0022_t07"", ""招股说明书2_p0061_x116""]",赵马克（Mark Zhao），持股 42.35%，为公司控股股东及实际控制人。,关联方名称 持股比例 与本公司关系 赵马克 42.35% 公司控股股东,"[157, 21, 158]",ollama,qwen2.5:3b,q14603162,t22h,2026-10-04T20:27:00+0800
4,关联方,pdf2,武汉力源信息技术股份有限公司不存在控制关系的关联方企业有哪些？,True,比例全部命中,工单1 Evaluator.check_answer（只读子进程）,False,,不存在控制关系的关联方企业包括：融冰投资（持有公司股份5%以上的股东）、武汉博润（持有公司股份5%以上的股东）、上海博润（持有公司股份5%以上的股东）、听音投资（持有公司股份5%以上的股东）、联众聚源（持有公司股份5%以上的股东）、力源贸易（同一实际控制人控制的企业）、普芯达（实际控制人近亲属控制的公司）、佰力电子（原为同一实际控制人控制的企业，2008 年对外转让）、盈硅电子（原为同一实际控制人控制的企业，2008 年对外转让）,"[""[招股说明书2.pdf: 157]""]",[157],True,True,True,166.81,4619.35,5029.25,True,1,1,1.0,[],[],False,False,organization,True,True,ok,"[157, 158, 184]","[""招股说明书2_p0157_t70"", ""招股说明书2_p0157_x314"", ""招股说明书2_p0158_x316"", ""招股说明书2_p0157_t69"", ""招股说明书2_p0184_x373""]","[""招股说明书2_p0022_t07"", ""招股说明书2_p0172_x348""]",7 家企业：融冰投资、武汉博润、上海博润、听音投资、联众聚源（均持有公司股份 5% 以上的股东）、力源贸易（同一实际控制人控制的企业）、普芯达（实际控制人近亲属控制的公司）。,企业名称 与本公司关系 融冰投资 持有公司股份5%以上的股东 武汉博润 持有公司股份5%以上的股东 上海博润 持有公司股份5%以上的股东 听音投资 持有公司股份5%以上的股东 联众聚源 持有公司股份5%以上的股东 力源贸易 同一实际控制人控制的企业 普芯达 实际控制人近亲属控制的公司,"[157, 158]",ollama,qwen2.5:3b,q14605446,t22h,2026-10-04T20:27:00+0800
33,收入占比,pdf1,报告期内，武汉兴图新科电子股份有限公司来自军用领域的收入占主营业务收入的比重分别是多少？,True,比例全部命中,工单1 Evaluator.check_answer（只读子进程）,False,,"①行业集中度高的影响 发行人产品主要应用于军队的信息化建设，报告期内，公司来自军用领域的 收入分别为6,464.51 万元、14,414.16 万元、18,780.67 万元和4,627.14 万元，占 主营业务收入比重分别为82.10%、97.31%、94.84%和94.34%。","[""[招股说明书1.pdf: 129]""]",[129],True,True,True,157.76,2027.94,2529.11,True,1,1,1.0,[],[],True,True,any,False,True,not_applicable,"[129, 182, 185, 186, 279]","[""招股说明书1_p0185_x429"", ""招股说明书1_p0129_x306"", ""招股说明书1_p0186_x431"", ""招股说明书1_p0182_x422"", ""招股说明书1_p0279_t196""]","[""招股说明书1_p0479_t401"", ""招股说明书1_p0378_x879""]",报告期内，公司来自军用领域的收入占主营业务收入的比重分别为82.10%、97.31%、94.84%和94.34%。,"报告期内，公司来自军用领域的收入分别为6,464.51 万元、14,414.16 万元、18,780.67 万元和4,627.14 万元，占主营业务收入比重分别为82.10%、97.31%、94.84%和94.34%。",[129],ollama,qwen2.5:3b,q14610826,t22h,2026-10-04T20:27:00+0800
34,上下游,pdf1,根据武汉兴图新科电子股份有限公司招股意向书，电子信息行业的上游涉及哪些企业？,True,参考答案为答案子串（忽略标点）,工单1 Evaluator.check_answer（只读子进程）,False,,（四）行业竞争格局 1、行业上下游情况 电子信息行业的上游涉及信息系统相关的电子元器件制造企业，以及机箱、 机柜等金属壳体制造企业，竞争充分，采购便利。,"[""[招股说明书1.pdf: 152]""]",[152],True,True,True,108.45,1242.57,1621.65,True,1,1,1.0,[],[],False,False,organization,False,True,no_evidence_table,"[135, 139, 152, 153, 456]","[""招股说明书1_p0135_x319"", ""招股说明书1_p0153_x358"", ""招股说明书1_p0456_x1055"", ""招股说明书1_p0152_x357"", ""招股说明书1_p0139_x329""]",[],电子信息行业的上游涉及信息系统相关的电子元器件制造企业，以及机箱、机柜等金属壳体制造企业，竞争充分、采购便利。,"1、行业上下游情况
电子信息行业的上游涉及信息系统相关的电子元器件制造企业，以及机箱、机柜等金属壳体制造企业，竞争充分，采购便利。下游行业为各类终端用户，覆盖范围广泛，主要包括军队、政府机关、能源等行业企业。",[152],ollama,qwen2.5:3b,q14613692,t22h,2026-10-04T20:27:00+0800
95,技术标准,pdf1,武汉兴图新科电子股份有限公司参与制定了哪个技术标准？,True,答案为参考答案子串（忽略标点）,工单1 Evaluator.check_answer（只读子进程）,False,,《某视频指挥系统技术规范（1.0版）》,"[""[招股说明书1.pdf: 160]""]",[160],True,True,True,115.93,1350.08,1781.75,True,1,1,1.0,"[""视频指挥系统技术标准""]",[],False,False,any,False,True,not_applicable,"[22, 155, 159, 160, 181]","[""招股说明书1_p0160_x375"", ""招股说明书1_p0181_x420"", ""招股说明书1_p0155_x363"", ""招股说明书1_p0022_t10"", ""招股说明书1_p0159_x374""]",[],公司参与制定了全军第一个视频指挥系统技术标准，即《某视频指挥系统技术规范（1.0版）》（招股书中亦简称《某视频技术规范1.0》）。该标准由军事科学院牵头，联合数据通信科学技术研究所、北京大学共同制定，兴图新科是参与制定者与试验验证者。,公司目前已经成为军队视频指挥领域的重要供应商，参与制定了全军第一个视频指挥系统技术标准,[160],ollama,qwen2.5:3b,q14615660,t22h,2026-10-04T20:27:00+0800
207,募资用途,pdf1,武汉兴图新科电子股份有限公司计划使用本次发行募集资金的多少用于补充流动资金？,True,金额全部命中(1个),工单1 Evaluator.check_answer（只读子进程）,False,,"清楚地说明了武汉兴图新科电子股份有限公司计划使用本次发行募集资金的15,000万元用于补充流动资金。","[""[招股说明书1.pdf: 479]""]",[479],True,False,False,139.19,1452.99,1909.65,True,1,1,1.0,[],[],True,True,any,False,True,not_applicable,"[22, 30, 479, 483, 491]","[""招股说明书1_p0479_x1104"", ""招股说明书1_p0030_x81"", ""招股说明书1_p0491_x1132"", ""招股说明书1_p0483_x1116"", ""招股说明书1_p0022_t10""]","[""招股说明书1_p0479_t401"", ""招股说明书1_p0490_x1131""]","公司计划使用本次发行募集资金15,000.00万元用于补充流动资金。","拟使用本次发行募集资金15,000 万元用于补充流动资金","[30, 479]",ollama,qwen2.5:3b,q14617762,t22h,2026-10-04T20:27:00+0800
260,收入金额,pdf1,报告期内，武汉兴图新科电子股份有限公司来自军用领域的收入分别是多少？,True,参考答案为答案子串（忽略标点）,工单1 Evaluator.check_answer（只读子进程）,False,,"①行业集中度高的影响 发行人产品主要应用于军队的信息化建设，报告期内，公司来自军用领域的 收入分别为6,464.51 万元、14,414.16 万元、18,780.67 万元和4,627.14 万元，占 主营业务收入比重分别为82.10%、97.31%、94.84%和94.34%。","[""[招股说明书1.pdf: 129]""]",[129],True,True,True,155.73,3277.04,3674.84,True,1,1,1.0,[],[],True,True,any,False,True,not_applicable,"[39, 129, 130, 186, 475]","[""招股说明书1_p0186_x431"", ""招股说明书1_p0129_x306"", ""招股说明书1_p0039_x102"", ""招股说明书1_p0130_t99"", ""招股说明书1_p0475_x1095""]","[""招股说明书1_p0479_t401"", ""招股说明书1_p0130_x307""]","报告期内，公司来自军用领域的收入分别为6,464.51万元、14,414.16万元、18,780.67万元和4,627.14万元。","发行人产品主要应用于军队的信息化建设，报告期内，公司来自军用领域的收入分别为6,464.51 万元、14,414.16 万元、18,780.67 万元和4,627.14 万元，占主营业务收入比重分别为82.10%、97.31%、94.84%和94.34%。",[129],ollama,qwen2.5:3b,q14620053,t22h,2026-10-04T20:27:00+0800
531,法定代表人,pdf1,武汉兴图新科电子股份有限公司法定代表人是谁？,True,参考答案为答案子串（忽略标点）,工单1 Evaluator.check_answer（只读子进程）,False,,法定代表人是程家明。,"[""[招股说明书1.pdf: 52]""]",[52],True,True,True,135.14,1741.94,2122.17,True,1,1,1.0,[],[],False,False,person,False,True,no_evidence_table,"[22, 52, 68, 534]","[""招股说明书1_p0022_t10"", ""招股说明书1_p0052_x139"", ""招股说明书1_p0534_x1223"", ""招股说明书1_p0022_x61"", ""招股说明书1_p0068_x174""]",[],法定代表人是程家明。,法定代表人：程家明,[22],ollama,qwen2.5:3b,q14624057,t22h,2026-10-04T20:27:00+0800
543,注册资本,pdf1,武汉兴图新科电子股份有限公司注册资本是多少？,True,金额全部命中(1个),工单1 Evaluator.check_answer（只读子进程）,False,,"注册资本为5,520.00万元。","[""[招股说明书1.pdf: 22]""]",[22],True,True,True,119.97,2098.57,2484.89,True,1,1,1.0,[],[],True,True,any,False,True,not_applicable,"[22, 52, 54, 63, 68]","[""招股说明书1_p0022_t10"", ""招股说明书1_p0052_x139"", ""招股说明书1_p0063_x164"", ""招股说明书1_p0054_x142"", ""招股说明书1_p0068_x174""]","[""招股说明书1_p0479_t401"", ""招股说明书1_p0286_x672""]","注册资本为5,520万元。","法定代表人：程家明
注册资本：5,520 万元",[22],ollama,qwen2.5:3b,q14626501,t22h,2026-10-04T20:27:00+0800
793,上下游,pdf1,根据武汉兴图新科电子股份有限公司招股意向书，电子信息行业的下游主要包括哪些行业？,True,字符二元组相似度 0.77 ≥ 0.62,工单1 Evaluator.check_answer（只读子进程）,False,,下游行业为各类终端用户，覆 盖范围广泛，主要包括军队、政府机关、能源等行业企业。,"[""[招股说明书1.pdf: 152]""]",[152],True,True,True,91.24,1079.11,1465.4,True,1,1,1.0,[],[],False,False,any,False,True,not_applicable,"[135, 136, 139, 152, 153]","[""招股说明书1_p0135_x319"", ""招股说明书1_p0152_x357"", ""招股说明书1_p0153_x358"", ""招股说明书1_p0136_x321"", ""招股说明书1_p0139_x329""]",[],电子信息行业的下游为各类终端用户，覆盖范围广泛，主要包括军队、政府机关、能源等行业企业。,下游行业为各类终端用户，覆盖范围广泛，主要包括军队、政府机关、能源等行业企业。此外，大型的电子信息系统组成较为复杂，从而需要集成商作为总体集成单位统一协调部署实施。,[152],ollama,qwen2.5:3b,q14629315,t22h,2026-10-04T20:27:00+0800
795,荣誉奖项,pdf1,武汉兴图新科电子股份有限公司参与的哪个工程荣获了国家科技进步一等奖？,True,答案为参考答案子串（忽略标点）,工单1 Evaluator.check_answer（只读子进程）,False,,2014 年12 月， 某大型研究所牵头承担的“某情报、指挥、控制与通信网络一体化工程”（即相当 于美军的C4ISR 系统）荣获国家科技进步一等奖。,"[""[招股说明书1.pdf: 181]""]",[181],True,True,True,127.52,2165.26,2554.24,True,1,1,1.0,[],[],False,False,any,False,True,not_applicable,"[94, 96, 155, 157, 181]","[""招股说明书1_p0094_x235"", ""招股说明书1_p0181_x420"", ""招股说明书1_p0096_x239"", ""招股说明书1_p0155_x363"", ""招股说明书1_p0157_x370""]",[],2014年12月，某大型研究所牵头承担的“某情报、指挥、控制与通信网络一体化工程”（即相当于美军的C4ISR系统）荣获国家科技进步一等奖；根据总体单位、军方用户出具的证明文件和承研合同，民营企业兴图新科是该工程网络化视频指挥系统的唯一参与者。,2014年12月，某大型研究所牵头承担的“某情报、指挥、控制与通信网络一体化工程”（即相当于美军的C4ISR系统）荣获国家科技进步一等奖。,"[27, 157]",ollama,qwen2.5:3b,q14631103,t22h,2026-10-04T20:27:00+0800
957,行业地位,pdf1,武汉兴图新科电子股份有限公司在哪个领域已经成为重要供应商？,True,字符二元组相似度 0.96 ≥ 0.62,工单1 Evaluator.check_answer（只读子进程）,False,,公司目前已经成为军队视频指挥控制领域的重要供应商。,"[""[招股说明书1.pdf: 181]""]",[181],True,True,True,102.08,1419.86,1806.95,True,1,1,1.0,[],[],False,False,any,False,True,not_applicable,"[26, 154, 155, 160, 181]","[""招股说明书1_p0155_x363"", ""招股说明书1_p0026_x72"", ""招股说明书1_p0181_x420"", ""招股说明书1_p0160_x375"", ""招股说明书1_p0154_x362""]",[],公司目前已经成为军队视频指挥（视频指挥控制）领域的重要供应商。,兴图新科目前已经成为国防军队视频指挥领域的重要供应商,"[154, 332]",ollama,qwen2.5:3b,q14634004,t22h,2026-10-04T20:27:00+0800
