question_id,question,golden,rag_answer,rag_correct,rag_citation_pages,rag_first_token_ms,rag_total_ms,llm_answer,llm_correct,answer_diff
33,报告期内，武汉兴图新科电子股份有限公司来自军用领域的收入占主营业务收入的比重分别是多少？,报告期内，公司来自军用领域的收入占主营业务收入的比重分别为82.10%、97.31%、94.84%和94.34%。,"（1）行业和客户集中度高①行业集中度高的影响发行人产品主要应用于军队的信息化建设，报告期内，公司来自军用领域的收入分别为6,464.51 万元、14,414.16 万元、18,780.67 万元和4,627.14 万元，占主营业务收入比重分别为82.10%、97.31%、94.84%和94.34%。 [页码: 129]",1,"[129, 378, 340, 36, 4]",13.62,923.57,,,
34,根据武汉兴图新科电子股份有限公司招股意向书，电子信息行业的上游涉及哪些企业？,电子信息行业的上游涉及信息系统相关的电子元器件制造企业，以及机箱、机柜等金属壳体制造企业，竞争充分、采购便利。,（四）行业竞争格局1、行业上下游情况电子信息行业的上游涉及信息系统相关的电子元器件制造企业，以及机箱、机柜等金属壳体制造企业 [页码: 152],1,"[152, 153, 541, 545, 22]",9.11,357.8,,,
95,武汉兴图新科电子股份有限公司参与制定了哪个技术标准？,公司参与制定了全军第一个视频指挥系统技术标准，即《某视频指挥系统技术规范（1.0版）》（招股书中亦简称《某视频技术规范1.0》）。该标准由军事科学院牵头，联合数据通信科学技术研究所、北京大学共同制定，兴图新科是参与制定者与试验验证者。,参与制定了全军第一个视频指挥系统技术标准 [页码: 160],0,"[160, 181, 241, 182, 155]",10.32,448.32,,,
207,武汉兴图新科电子股份有限公司计划使用本次发行募集资金的多少用于补充流动资金？,"公司计划使用本次发行募集资金15,000.00万元用于补充流动资金。","1、项目概况为满足公司业务发展和新产品研发等对营运资金的需求，增强公司抗风险能力，公司在满足上述募集资金投资项目资金需求的同时，拟使用本次发行募集资金15,000 万元用于补充流动资金。 [页码: 490]",1,"[490, 23, 491, 479, 30]",10.24,916.29,,,
260,报告期内，武汉兴图新科电子股份有限公司来自军用领域的收入分别是多少？,"报告期内，公司来自军用领域的收入分别为6,464.51万元、14,414.16万元、18,780.67万元和4,627.14万元。","（1）行业和客户集中度高①行业集中度高的影响发行人产品主要应用于军队的信息化建设，报告期内，公司来自军用领域的收入分别为6,464.51 万元、14,414.16 万元、18,780.67 万元和4,627.14 万元，占主营业务收入比重分别为82.10%、97.31%、94.84%和94.34%。 [页码: 129]",1,"[129, 130, 343, 394, 4]",8.15,2293.56,,,
531,武汉兴图新科电子股份有限公司法定代表人是谁？,法定代表人是程家明。,法定代表人是程家明 [页码: 52],1,"[52, 22, 22, 68, 63]",5.21,253.13,,,
543,武汉兴图新科电子股份有限公司注册资本是多少？,"注册资本为5,520万元。","注册资本是5,520 万元 [页码: 52]",1,"[52, 22, 56, 68, 56]",13.49,769.53,,,
793,根据武汉兴图新科电子股份有限公司招股意向书，电子信息行业的下游主要包括哪些行业？,电子信息行业的下游为各类终端用户，覆盖范围广泛，主要包括军队、政府机关、能源等行业企业。,下游行业为各类终端用户，覆盖范围广泛，主要包括军队、政府机关、能源等行业企业。 [页码: 152],1,"[152, 153, 151, 37, 5]",12.07,243.84,,,
795,武汉兴图新科电子股份有限公司参与的哪个工程荣获了国家科技进步一等奖？,2014年12月，某大型研究所牵头承担的“某情报、指挥、控制与通信网络一体化工程”（即相当于美军的C4ISR系统）荣获国家科技进步一等奖；根据总体单位、军方用户出具的证明文件和承研合同，民营企业兴图新科是该工程网络化视频指挥系统的唯一参与者。,某大型研究所牵头承担的“某情报、指挥、控制与通信网络一体化工程”（即相当于美军的C4ISR 系统）荣获国家科技进步一等奖。 [页码: 181],1,"[181, 96, 241, 94, 158]",13.01,186.76,,,
957,武汉兴图新科电子股份有限公司在哪个领域已经成为重要供应商？,公司目前已经成为军队视频指挥（视频指挥控制）领域的重要供应商。,公司目前已经成为军队视频指挥控制领域的重要供应商 [页码: 181],1,"[181, 154, 172, 26, 241]",11.84,221.59,,,
