token,username
1a7479b8256e4e5da824d3a91702e6a2,load0000
972df99dce9f4e0d94de505a9e9ed81a,load0001
a0c3cbd1fd9c4d91ba36b87f533f1259,load0002
a505c1e523db4755b7b720168161dee5,load0003
cc15c29d6c764e7ebe8cd20bc1f74524,load0004
d74e20d5369e4458a337b79b79d134a7,load0005
dcda61ffacfd4352a2f563d6920c5668,load0006
367881df8e564855a81f882ef4c7a6ef,load0007
2e403389d67c47108f0fd7f7433816e1,load0008
9640e0a9fe9c4a6cb2f91eed259623e2,load0009
ecfc006821c0490db9f0745dae45596b,load0010
bd21f2f6024844eea81607baba859cab,load0011
c008f37146df468d9cbeae0937fd7f09,load0012
efff73b174584bfdbf6b9f008a089fab,load0013
dab16d64d7be4f408f4bd16ce4b629e8,load0014
5fd771243d9748f8aaaf1688b48416c2,load0015
242787ebcc914cb294a2d8fee6b83b5f,load0016
884eb07abc2f43bfaac970be08c178ff,load0017
6a3e8b0e762a4dbd9410ef1b4f98c366,load0018
2d99a5b5094c4e56a7a34801e08e993b,load0019
27da9b6b5731451895ce224cfdc4d888,load0020
40ca624df1674fd481db0ba0f2ff2534,load0021
107db01eb5854180bbd0436cf8e8b380,load0022
5b091da6bd5d495fb0c9a155db24be9c,load0023
798b420325e54e9d834ce66d4180dc19,load0024
e3883dc802924b3994b3e69f35e5180e,load0025
00bbc4f94bbb4547bde129435b747bcf,load0026
6811d89cd6b04cb38ca03c4b57c8ba78,load0027
a903ef8328f34b7996893e3db725e065,load0028
806a081a70f04a2dba0cc1a00596a45a,load0029
78d4c30f16b5443092a99848d7ad42e0,load0030
454b26563125477b8d465065487d3217,load0031
a5017a9770f0427380fa9e28a871fe9f,load0032
3b1ea3df5bba40f598417a90cde6ade2,load0033
e9534fd88f924d368cf8e2f06412f320,load0034
1171f9b99444490dabc3bee1c24bc49b,load0035
447a9d1bc5564a229168c35db9059183,load0036
d541147ff84047e69659072ece721e26,load0037
9d0ec019ca83422a9466ad90d3604519,load0038
3cf009960971405c86487f30e61b77f3,load0039
25ed13f6ef8447ecb337df580302a09e,load0040
05f208b13e12431c934c548d27d3430b,load0041
025dc7bf3b704013ae8f5060c47d4e2e,load0042
070e13c550f04c59bfb851e20811c485,load0043
2332b7142ba244f984db95c706f5625d,load0044
9268ac9520684285b495c27d56b820b5,load0045
1c131983c66940fcb67c514940047de9,load0046
852c929ddb6d4150aa72f675a2b9b34a,load0047
17f1c9fc854f42a694df05423f558f9c,load0048
bf89e7d2462946108b9bc33927014328,load0049
