id,question,rag_answer,pure_llm_answer,retrieved_pages,contexts_count,response_time_s,faithfulness,answer_relevancy,context_precision,context_recall
260,报告期内，武汉兴图新科电子股份有限公司来自军用领域的收入分别是多少？,"报告期内，武汉兴图新科电子股份有限公司来自军用领域的收入（直接军方与间接军方合计）分别为：

- 2016年度：直接军方3,433.34万元 + 间接军方3,031.18万元 = 6,464.52万元
- 2017年度：直接军方6,277.49万元 + 间接军方8,136.66万元 = 14,414.15万元
- 2018年度：直接军方5,611.52万元 + 间接军方13,169.15万元 = 18,780.67万元
- 2019年1-6月：直接军方552.83万元 + 间接军方4,074.31万元 = 4,627.14万元

参考页码：第186页","根据武汉兴图新科电子股份有限公司（简称“兴图新科”）的招股说明书，报告期内（通常指2016年、2017年、2018年及2019年1-6月，具体以招股书披露为准），公司来自军用领域的收入分别为：

- 2016年：约 **4,900万元**
- 2017年：约 **1.02亿元**
- 2018年：约 **1.35亿元**
- 2019年1-6月：约 **3,800万元**

需要说明的是，上述数据为大致金额，不同版本招股书或统计口径（如是否含税、是否合并某些军品项目）可能略有差异。如果您需要精确到元的数字，建议直接查阅兴图新科招股说明书“主营业务收入构成”或“按应用领域分类”章节。我无法在此保证与最终披露文件完全一致。",186、378、475,3,25.007,1.0,1.0,0.6,
95,武汉兴图新科电子股份有限公司参与制定了哪个技术标准？,"武汉兴图新科电子股份有限公司参与制定了视频指挥系统技术标准，具体为《某视频技术规范1.0》（也称全军第一个视频指挥系统技术标准）。根据第160页，该技术标准即2019年制订的《某视频指挥系统技术规范（1.0版）》，由军事科学院牵头，联合数据通信科学技术研究所、北京大学共同制定，兴图新科等国内主流视频设备厂商参与了技术规范制定和试验验证等工作。

参考页码：第160页、第181页、第241页","武汉兴图新科电子股份有限公司参与制定了 **《视频指挥调度系统 第1部分：通用技术要求》**（标准号：GB/T 37043-2018）等国家标准。

不过，我无法完全确认这是否是用户所指的“那个”技术标准，因为该公司可能还参与了其他标准。如需精确答案，建议查阅其《招股说明书》中“参与制定标准情况”相关章节。",160、181、241,3,2.502,0.5,1.0,0.6,
33,报告期内，武汉兴图新科电子股份有限公司来自军用领域的收入占主营业务收入的比重分别是多少？,"根据提供的文档内容，无法回答该问题。

文档中仅披露了“间接向国防客户的销售额”占主营业务收入的比重，分别为82.10%、97.31%、94.84%和94.34%，但未直接披露“军用领域收入”合计占主营业务收入的比重，也未提供可直接加总得出该比重的完整数据。

参考页码：第40页","根据武汉兴图新科电子股份有限公司《招股说明书》，报告期内（2016年度、2017年度、2018年度、2019年1-6月），公司来自军用领域的收入占主营业务收入的比重分别为：

- 2016年度：82.10%
- 2017年度：93.27%
- 2018年度：94.84%
- 2019年1-6月：94.34%

（以上数据以《招股说明书》披露口径为准。）",40、125、186,3,2.092,1.0,0.3,0.6,
34,根据武汉兴图新科电子股份有限公司招股意向书，电子信息行业的上游涉及哪些企业？,"根据招股意向书，电子信息行业的上游涉及的企业类型包括：电子元器件制造业、元器件、金属制品业、视音频外设、其他、机箱、其他壳体等上游行业企业。这些企业供应各类基础设备和辅助材料，但普遍专注于单一类型产品的研发、生产和销售。

参考页码：第153页","根据武汉兴图新科电子股份有限公司招股意向书，电子信息行业的上游主要涉及电子元器件、芯片、集成电路、PCB（印制电路板）、电源模块、结构件、线缆及连接器、显示屏等基础电子零部件和原材料供应商，以及相关的软件开发工具、操作系统、数据库等基础软件提供商。这些上游企业为电子信息行业的中游设备制造商和系统集成商提供必要的硬件组件和软件基础。

需要说明的是，具体到兴图新科的业务（音视频综合业务网络应用平台等），其上游可能更侧重于音视频编解码芯片、服务器、存储设备、网络设备、摄像机等硬件供应商，以及操作系统、数据库等基础软件厂商。如需更精确的清单，建议查阅招股意向书中“行业上下游情况”或“主要原材料及采购情况”章节的具体披露。",153、209、456,3,2.564,1.0,1.0,0.3,
957,武汉兴图新科电子股份有限公司在哪个领域已经成为重要供应商？,"武汉兴图新科电子股份有限公司目前已经成为军队视频指挥控制领域的重要供应商。

参考页码：第181页、第155页、第26页",武汉兴图新科电子股份有限公司在**国防军队视频指挥领域**已经成为重要供应商。,26、155、181,3,2.125,1.0,1.0,1.0,
793,根据武汉兴图新科电子股份有限公司招股意向书，电子信息行业的下游主要包括哪些行业？,"根据招股意向书，电子信息行业的下游行业为各类终端用户，覆盖范围广泛，主要包括军队、政府机关、能源等行业企业。此外，大型的电子信息系统组成较为复杂，从而需要集成商作为总体集成单位统一协调部署实施。

参考页码：第152页",根据武汉兴图新科电子股份有限公司招股意向书，电子信息行业的下游主要包括：**国防、政府、金融、交通、能源、教育、医疗等行业领域**。,151、152、153,3,2.091,1.0,1.0,0.6,
795,武汉兴图新科电子股份有限公司参与的哪个工程荣获了国家科技进步一等奖？,"武汉兴图新科电子股份有限公司参与的“某情报、指挥、控制与通信网络一体化工程”（即相当于美军的C4ISR系统）荣获国家科技进步一等奖。该工程由某大型研究所牵头承担，于2014年12月获奖。根据总体单位、军方用户出具的证明文件和承研合同，民营企业兴图新科是该工程网络化视频指挥系统的唯一参与者，但未能列入获奖名单。

参考页码：第94页、第96页、第181页",武汉兴图新科电子股份有限公司参与的是**“某工程”**，并荣获国家科技进步一等奖。不过，公开披露信息中通常未直接写明该工程的具体名称，因此我无法准确确认是哪一个工程。建议查阅其《招股说明书》中“荣誉资质”或“重大科研项目”相关章节，或公司官网、官方公告中的获奖信息以核实具体工程名称。,94、96、181,3,1.98,1.0,1.0,0.6,
543,武汉兴图新科电子股份有限公司注册资本是多少？,"武汉兴图新科电子股份有限公司的注册资本为5,520.00万元。

参考页码：第22页","武汉兴图新科电子股份有限公司（兴图新科，688081）在招股说明书披露时点的注册资本为 **7,360万元**。",22、53、68,3,2.203,1.0,1.0,0.33,
531,武汉兴图新科电子股份有限公司法定代表人是谁？,"武汉兴图新科电子股份有限公司的法定代表人是程家明。

参考页码：第22页",武汉兴图新科电子股份有限公司的法定代表人是程家明。,22、64、68,3,2.545,1.0,1.0,0.4,
207,武汉兴图新科电子股份有限公司计划使用本次发行募集资金的多少用于补充流动资金？,"武汉兴图新科电子股份有限公司计划使用本次发行募集资金15,000.00万元用于补充流动资金。

参考页码：第30页、第479页","根据武汉兴图新科电子股份有限公司《招股说明书》，公司计划使用本次发行募集资金中的 **6,000万元** 用于补充流动资金。",30、479、491,3,2.563,1.0,1.0,0.7,
