timestamp,mem_rss_mb,gpu_mem_mb,gpu_util
1791424820,2418,2284,0
1791424825,2418,2284,0
1791424830,2418,2284,0
1791424835,2418,2284,0
1791424840,2418,2284,0
1791424846,2418,2284,0
1791424851,2418,2284,0
1791424856,2418,2284,59
1791424861,2418,2886,65
1791424866,2418,2284,0
1791424871,2418,2284,69
1791424876,2418,2284,0
1791424881,2418,2524,0
1791424887,2418,2524,83
1791424892,2418,2284,0
1791424897,2418,2284,60
1791424902,2418,2284,0
1791424907,2418,2284,0
1791424912,2418,2286,7
1791424917,2418,2286,62
1791424922,2418,2284,60
1791424928,2418,2284,36
1791424933,2418,2524,1
1791424938,2418,2284,72
1791424943,2418,2526,44
1791424948,2418,2524,8
1791424953,2418,2284,51
1791424958,2418,2284,33
1791424963,2418,2284,0
1791424968,2418,2524,50
1791424973,2418,2284,36
1791424979,2418,2284,58
1791424984,2418,2524,59
1791424989,2418,2284,64
1791424994,2418,2284,21
1791424999,2418,2284,0
1791425004,2418,2284,2
1791425009,2418,2284,79
1791425014,2418,2524,19
1791425019,2418,2284,78
1791425025,2418,2524,0
1791425030,2418,2524,73
1791425035,2418,2284,16
1791425040,2418,2524,1
1791425045,2418,2284,27
1791425050,2418,2284,34
1791425055,2418,2526,19
1791425060,2418,2284,59
1791425065,2418,2524,14
1791425071,2418,2524,22
1791425076,2418,2284,22
1791425081,2418,2284,8
1791425086,2418,2284,60
1791425091,2418,2284,0
1791425096,2418,2284,0
1791425101,2418,2284,37
1791425106,2418,2524,5
1791425111,2418,2526,47
1791425117,2418,2524,60
1791425122,2418,2284,0
1791425127,2418,2524,4
1791425132,2418,2284,20
1791425137,2418,2284,85
1791425142,2418,2284,0
1791425147,2418,2284,52
1791425152,2418,2524,32
1791425158,2418,2284,59
1791425163,2418,2284,0
1791425168,2418,2524,6
1791425173,2418,2646,98
1791425178,2418,2526,28
1791425183,2418,2526,0
1791425188,2418,2524,0
1791425193,2418,2286,59
1791425198,2418,2284,0
1791425204,2418,2284,0
1791425209,2418,2284,0
1791425214,2418,2284,0
1791425219,2418,2284,59
1791425224,2418,2524,36
1791425229,2418,2284,8
1791425234,2418,2284,59
1791425239,2418,2526,20
1791425245,2418,2284,19
1791425250,2418,2284,39
1791425255,2418,2524,6
1791425260,2418,2978,81
1791425265,2418,2286,43
1791425270,2418,2284,0
1791425275,2418,2524,16
1791425280,2418,2284,59
1791425285,2418,2284,98
1791425290,2418,2284,52
1791425296,2418,2284,72
1791425301,2418,2524,0
1791425306,2418,2526,32
1791425311,2418,2284,27
1791425316,2418,2284,41
1791425321,2418,2284,0
1791425326,2418,2284,0
1791425331,2418,2284,40
1791425336,2418,2284,27
1791425342,2418,2524,56
1791425347,2418,2284,0
1791425352,2418,2284,0
1791425357,2418,2284,43
1791425362,2418,2284,0
1791425367,2418,2284,26
1791425372,2418,2284,0
1791425377,2418,2284,0
1791425383,2418,2524,52
1791425388,2418,2284,15
1791425393,2418,2284,0
1791425398,2418,2284,23
1791425403,2418,2284,83
1791425408,2418,2284,0
1791425413,2418,2284,47
1791425418,2418,2284,18
1791425423,2418,2284,52
1791425429,2418,2524,27
